id_orig,area_km2,ppl_per_km2,dwellings_per_km2,U7B001,U7B003,U7B004,U7C002,U7G001
482150213061004,0.029002493309331735,2827.3431227244173,930.9544428482836,82,36,1,82,27
482150213062010,0.033570220598556404,3574.596706855131,893.6491767137827,120,45,0,116,30
482150213062011,0.014074965950338917,3978.6952378845044,923.6256802231886,56,19,0,56,13
482150213062012,0.020133191598144206,3675.5225637857147,894.0460290289576,74,27,0,74,18
482150213062013,0.03524717104564658,3007.333549201027,794.3899941285732,106,44,0,106,28
482150213062014,0.014283263225446383,3920.672686353148,840.1441470756746,56,12,0,56,12
482150213062015,0.03224524325579695,2729.0846994674052,868.3451316487199,88,17,0,88,28
482150213062016,0.01993224644290452,3511.8971762923693,1003.3991932263912,70,12,0,70,20
482150213062017,0.034286001623065755,2974.9750677075144,787.4934002755185,102,48,0,102,27
482150213073001,0.6389232952887618,1170.7195613550778,314.59175378659177,748,200,0,748,201
482150213073002,0.029070486301030075,2889.5285455552757,756.7812857406674,84,49,0,80,22
482150213073003,0.029542848872011238,2470.9871521280356,812.3793376859295,73,13,0,73,24
482150213073004,0.01948686768250392,2668.463749394042,923.6989901748608,52,8,1,50,18
482150213073005,0.02784621722083487,4273.4709370493165,969.6110529439625,119,28,3,112,27
482150213073006,0.029612603740484463,3782.1733266528245,911.7739269609488,112,29,3,103,27
482150213073007,0.029506635675974623,3253.5054505779085,982.8297715287431,96,26,0,96,29
482150213073008,0.022016825672513566,4224.042165901502,953.8159729455004,93,31,0,93,21
482150213073009,0.03410692790145369,3195.8316596246195,908.906251819846,109,45,1,103,31
482150213073010,0.03759114014980241,7847.5938432410285,1782.3348728716912,295,36,0,283,67
482150213073011,0.027486302099462297,3674.55758997773,873.1621995986685,101,42,0,101,24
482150213073012,0.049891625649674566,3607.819902761058,1002.172195211405,180,72,0,180,50
482150213121009,0.026922230020421798,3417.250351483276,742.8805111920166,92,38,0,87,20
482150213121010,0.026694872208991065,4307.943454446169,973.9698244834816,115,43,1,114,26
482150213121011,0.026051830944170837,2379.8711166545727,729.3153422005948,62,20,0,59,19
482150213121012,0.01802321698217778,2940.6514970334615,665.8078861207838,53,11,1,50,12
482150213122001,0.01767769636216976,4016.360420803464,961.66376272759,71,14,0,69,17
482150213122002,0.025731140781032343,2254.0780641468714,582.9512234862599,58,22,0,56,15
482150213122003,0.027316908919025894,3441.0921191207744,805.3619853261387,94,25,0,94,22
482150213122004,0.027434903303412996,4045.9409961248602,984.1478098682093,111,13,0,111,27
482150213122005,0.027315611805020963,3331.428219494356,805.4002288887455,91,23,0,91,22
482150213122006,0.02735296284932738,3473.1155276780587,950.5368812592582,95,22,0,91,26
482150213122007,0.01955282219417059,2608.3191210732207,664.8656583127818,51,15,1,48,13
482150213122008,0.027826934303039005,3306.1493227427713,934.3465477316528,92,10,0,89,26
482150213122009,0.15205252334508731,2571.479850502809,808.9310015648223,391,116,0,380,123
482150213122010,0.02748469287417442,4839.0571657059145,1018.7488769907188,133,36,1,128,28
482150213123000,0.02181938385683254,2429.0328428959524,504.1388919218015,53,20,0,49,11
482150213123001,0.019268561430356414,3840.4527638175223,830.3681651497345,74,4,0,74,16
482150213123002,0.028013605454033814,3819.5726064455066,963.8173866731653,107,23,0,105,27
482150213123003,0.02966121758239519,2798.266786231424,809.1373839705323,83,25,0,81,24
482150213123004,0.029205141215456316,3492.535757574706,924.4947593580105,102,19,1,94,27
482150213131000,1.1376501117631874,463.2355717727913,108.11760024298543,527,136,0,524,123
482150213131001,0.0188821458571518,2542.083953970704,794.401235615845,48,10,2,46,15
482150213131002,0.034438598806830686,5110.544740429204,1103.4130689563053,176,63,0,174,38
482150213131003,0.022252569031508424,3640.0291528276316,853.8339988114197,81,30,0,74,19
482150213131004,0.03530764805989095,4248.371337155083,1047.9315964982538,150,44,0,150,37
482150213131005,0.034566335569459004,4310.552378356489,1099.3355058895743,149,25,0,145,38
482150213131006,0.028529721272004118,2628.8374598877213,771.1256549003983,75,14,0,75,22
482150213132009,2.4492672176707786,563.0255408845961,186.99470465927848,1379,394,4,1343,458
482150213132010,0.013026548809189594,4298.912998391004,767.6630354269649,56,18,0,52,10
482150213132011,0.010154878383479305,3446.6193171688346,886.2735387005574,35,18,0,32,9
482150213132012,0.009755346529132613,7483.076052910929,2870.220951801452,73,24,0,71,28
482150213132013,0.015540876487000496,3152.975319055339,965.1965262414302,49,21,0,47,15
482150213132014,0.014716495301232282,4077.0576670503824,951.3134556450892,60,30,1,59,14
482150213132015,0.03838077542290183,3308.948258617491,807.696031631041,127,17,3,120,31
482150213132016,0.015568872942994463,5909.2267203193605,1027.6916035338018,92,37,0,88,16
482150213132017,0.02094416346719408,3819.6798895934953,1145.9039668780485,80,8,0,78,24
482150213132042,0.04903039573662507,836.2159714198173,224.35062647848756,41,13,0,41,11
482150213132043,0.021200829431755164,4150.781000491956,990.5272842083076,88,25,3,83,21
482150213141000,0.03751362426178659,1412.8200365323985,479.82567278458816,53,12,0,49,18
482150213141001,0.017682402286501205,2205.582667337724,565.5340172660831,39,7,0,39,10
482150213141002,0.02678487051948468,5002.824258662052,1082.7007723970114,134,60,0,134,29
482150213141003,0.10075076923608535,2183.6061567379456,516.1250915926054,220,40,0,216,52
482150213141004,0.027234755290546968,3194.447648670345,917.9447266294095,87,21,0,87,25
482150213141005,0.05351673725531995,934.2871513533767,168.1716872436078,50,23,0,50,9
482150213141006,0.06757593713396812,488.3395095887176,251.56883827297574,33,18,0,33,17
482150213141007,0.04718288651086074,720.6002539114207,317.9118767256268,34,4,0,34,15
482150213141009,0.03260389046824758,4017.925410698421,950.8067765774889,131,15,0,130,31
482150213143016,0.023399124233677192,1794.9389720984298,555.5763485066568,42,9,0,41,13
482150213143017,0.012911564513357385,4956.79667121596,851.9494278652431,64,24,0,63,11
482150213143018,0.02793264884413135,2541.828395731152,716.0079987975075,71,42,0,70,20
482150213143019,0.028348591392918766,3880.2633427309215,987.7033963315073,110,27,0,110,28
482150213143020,0.015453278068487812,2717.8699440894698,905.9566480298233,42,7,0,42,14
482150213143021,0.020549269723164062,2919.811789338932,681.2894175124175,60,14,0,60,14
482150213151000,0.06521420297071953,2346.114696344527,613.3633193057586,153,54,0,150,40
482150213151001,0.058288472574273775,3619.926731329842,960.7388481254557,211,83,0,210,56
482150213151002,0.04313690837443272,4103.214779873007,1020.008193866736,177,50,0,173,44
482150213151003,0.20757997568329395,3425.185871901137,905.6750266067704,711,238,0,702,188
482150213151004,0.02032204670848955,4871.556562196202,1328.6063351444186,99,32,0,99,27
482150213151005,0.020254669118617074,6171.416539463796,1579.8826341027318,125,33,0,117,32
482150213151006,0.020452655463773898,4155.939562496102,1222.3351654400299,85,37,0,81,25
482150213151007,0.02010110312012864,4377.869188277506,945.221756559916,88,14,2,86,19
482150213061000,0.027668766862727935,1987.800911868228,433.7020171348861,55,20,0,55,12
482150213061001,0.38166160229825646,1695.2190005595323,440.1805132828461,647,125,0,640,168
482150213061002,0.007032938946839951,853.1284069650466,426.5642034825233,6,0,0,6,3
482150213061003,0.025882026987232912,3515.9533696834674,1081.8318060564516,91,37,0,84,28
482150213062041,0.03260435306615361,3619.1486382379753,920.122535145248,118,43,0,113,30
482150213062042,0.03315552568895047,2050.9401852935157,754.0221269461455,68,28,2,66,25
482150213071001,1.9137324888790515,823.521578464253,247.16098135380182,1576,450,0,1549,473
482150213071002,0.02880595323999328,3610.3648136042125,867.8761571163972,104,34,0,98,25
482150213071003,0.020586129030809044,2428.8199070923133,631.4931758440015,50,11,2,47,13
482150213071004,0.029037035179356425,3960.459437048795,826.5306651232268,115,29,0,114,24
482150213071005,0.029495357823576904,3898.9186260380125,881.494645886855,115,58,0,115,26
482150213071006,0.029161153068554033,3360.63528659566,1028.765904059896,98,19,0,97,30
482150213072001,0.35792122193864595,2506.1380689903926,673.33252466743,897,242,0,885,241
482150213072002,0.026305350229934927,4789.900111522358,1482.5881297569204,126,49,0,123,39
482150213072003,0.019819118307942658,3077.8362110868375,908.2139639272634,61,13,0,60,18
482150213072004,0.025240016641963865,4477.017650302458,1148.9691314935512,113,33,0,112,29
482150213072005,0.02613215357644391,2946.561590293479,574.0055046026258,77,35,0,76,15
482150213072006,0.026096598198824875,4483.342967102451,1034.6176077928733,117,20,0,115,27
482150213072008,0.10545866355616089,1668.9003450747607,483.6018045387091,176,41,0,170,51
482150213072009,0.046139699834319155,1538.8049825844232,390.11957304957207,71,24,0,69,18
482150213072010,0.04671339748030549,1027.5424736605157,256.88561841512893,48,11,0,48,12
482150213072011,0.06410562259193028,1544.3263164323791,296.3858587092445,99,41,0,87,19
482150213072012,0.03260891092564975,1563.9896749781992,643.995748520435,51,22,0,51,21
482150213073000,0.007682592591133161,650.8219641596944,260.3287856638778,5,0,0,5,2
482150213073013,0.028488002135721363,2878.4047266403236,702.0499333269081,82,21,0,82,20
482150213073014,0.029334162814170284,2488.5659925749205,886.3385726979169,73,22,0,72,26
482150213073015,0.029158654322395436,3532.39895302337,891.673522122404,103,35,0,101,26
482150213121000,0.05880720961655092,2397.665199885907,578.1604028093676,141,30,0,139,34
482150213121001,0.018490673073687,4218.34292830569,811.2197939049405,78,29,0,77,15
482150213121002,0.02812801342105674,2595.2774875083046,782.1384208929137,73,15,0,71,22
482150213121004,0.02742275312813566,4448.860383563326,1057.5159928142332,122,39,0,122,29
482150213121005,0.0277826657846851,4283.246284652695,827.8543239244705,119,45,0,119,23
482150213121006,0.026291006023241543,3651.438819615154,874.8238838661306,96,33,0,95,23
482150213121007,0.028510598318741524,3717.91566121994,841.7922251818732,106,22,0,99,24
482150213121008,0.026396011950539724,2765.569288905681,757.6902161385427,73,29,0,70,20
482150213123005,0.08557599785989806,3564.0834769970784,923.1560481402269,305,81,0,303,79
482150213123006,0.019907404232256808,2561.86087372268,853.9536245742266,51,15,1,50,17
482150213123007,0.02990371140740712,3745.354497109603,936.3386242774008,112,28,0,112,28
482150213123008,0.056528804489490825,2653.5144578882123,689.9137590509353,150,43,0,150,39
482150213123009,0.03110977476996836,4628.770251946972,1092.9040872652572,144,66,0,139,34
482150213123010,0.03163155945331436,5816.975298722442,1138.1038627935213,184,40,0,176,36
482150213123011,0.030935069858973107,4267.001839716607,1099.0762314421563,132,14,0,132,34
482150213123012,0.03029959290430617,5016.569050285749,1122.1272875639174,152,59,0,151,34
482150213123013,0.02997030779266238,3937.2301684832846,1034.357078160863,118,26,0,118,31
482150213123014,0.028371119866242422,4899.348374520462,1127.9075394579481,139,41,0,139,32
482150213123015,0.030467802093924478,3676.011799431167,919.0029498577918,112,12,0,112,28
482150213123016,0.028862270285171986,3707.262074077774,970.1246548988568,107,34,0,106,28
482150213123017,0.030673253476370833,3162.3642426690744,782.4406373614205,97,42,3,92,24
482150213123018,0.0316523826974926,2495.8626576399297,789.8299549493448,79,24,0,74,25
482150213123019,0.02943506908804399,3669.092798014451,951.2462809667095,108,22,0,108,28
482150213123020,0.030836307446293097,2334.909915053895,810.7326093937135,72,12,0,72,25
482150213123021,0.02969954493924492,3872.1132002274967,808.093189612695,115,22,0,109,24
482150213123022,0.01768112361899744,2205.742171164764,565.5749156832728,39,8,0,39,10
482150213123023,0.018502337158423563,3134.739114490427,648.5667133428469,58,20,0,57,12
482150213123024,0.02086565367075952,2156.654217982234,575.1077914619291,45,1,0,44,12
482150213123025,0.01958033246953484,3677.1592163731257,817.1464925273613,72,17,0,67,16
482150213142000,0.012909371100030752,542.2417518064319,154.9262148018377,7,2,0,7,2
482150213142001,0.022439479117904303,2584.7302290418233,713.0290287011926,58,24,0,56,16
482150213142002,0.02015808621635822,1686.668051474505,644.9024902696636,34,6,0,34,13
482150213142004,0.019702067189729302,3349.902290172162,812.097524890221,66,14,0,66,16
482150213142005,0.021948775823667024,2095.7888662928945,683.409412921596,46,13,0,46,15
482150213142006,0.021895792934125396,2055.1893295385457,593.721361866691,45,10,0,45,13
482150213142007,0.01968206606663712,3251.691147835632,914.5381353287714,64,9,0,64,18
482150213142008,0.019700534099831454,1624.3214441721036,710.6406318252953,32,7,0,32,14
482150213142009,0.021998326687896773,3136.6022052014987,818.2440535308258,69,31,0,67,18
482150213142010,0.22437752399470734,423.39356593595744,115.87613383510414,95,27,0,93,26
482150213143000,0.050268996257502904,2287.692386195908,636.5752726806005,115,31,0,115,32
482150213143001,0.08302421573727489,2155.997481101594,481.78714661488135,179,35,0,177,40
482150213143002,0.6049235356095425,1261.3164393267887,315.74238520500217,763,254,0,751,191
482150213143003,0.037382682779247944,4012.5531087690883,802.5106217538176,150,52,0,139,30
482150213143004,0.02708696546792314,3617.976333157486,849.1168945165527,98,24,1,95,23
482150213143005,0.012906974301273775,3254.054669951196,697.2974292752563,42,10,0,40,9
482150213143006,0.027606046131554214,3549.946976578591,796.9268722931531,98,42,0,98,22
482150213143007,0.027091755274151884,3912.6294670590837,922.7899686460103,106,20,0,101,25
482150213143008,0.027594043455737224,4385.00432870929,942.2323350945583,121,25,0,121,26
482150213143009,0.028592438914720273,4301.836592774035,944.3055935357639,123,55,1,121,27
482150213143010,0.0271202360935153,3834.774875904099,774.3295422498662,104,50,0,104,21
482150213143011,0.01338574983018669,2091.776729373515,896.4757411600779,28,10,0,26,12
482150213143012,0.028277141442729196,4208.346173923393,1025.563353309062,119,47,0,112,29
482150213143013,0.02735449119638005,3180.4649326291665,987.0408411607758,87,19,0,86,27
482150213143014,0.015717959569906348,3817.2893709992854,827.0793637165118,60,27,0,60,13
482150213143015,0.019400955283743075,1597.8594634448893,360.8069756165879,31,5,0,28,7
482150213061005,0.03358394333813423,2947.8372745938536,863.5078885173914,99,18,0,99,29
482150213061006,0.042458347636960166,3085.3767819726445,753.6798246040048,131,32,0,131,32
482150213061007,0.03182522227587367,4838.929282726349,1099.7566551650793,154,40,0,154,35
482150213061008,0.02382367338904443,1133.3264840852057,461.72560462730604,27,21,0,27,11
482150213061009,0.2557765960302187,1739.7995239072834,523.8946880979236,445,136,1,439,134
482150213061010,0.014784655771829363,3178.9715449144005,1014.5653866748087,47,9,0,39,15
482150213061011,0.01264807205255563,1897.5223971111577,790.6343321296491,24,1,0,24,10
482150213061012,0.05022485618063451,4280.748942849114,1214.5380721571905,215,55,0,213,61
482150213061013,0.049660710097544095,4369.651573120205,1047.105446093321,217,47,0,215,52
482150214011007,0.016017581328111024,1186.1965680582998,374.5883899131473,19,13,1,15,6
482150213151008,0.11435303005147152,1329.2170739295948,332.3042684823987,152,49,0,148,38
482150213151009,0.024610978179437436,2153.5105030600407,731.380925567561,53,12,0,53,18
482150213151010,0.06390111965186941,3380.222462090787,970.2490400445778,216,69,0,211,62
482150213151011,0.062488511704657204,3616.664789012033,1024.188258835266,226,50,0,223,64
482150213151012,0.06334180845205149,3110.1101281174365,836.7301359909854,197,45,0,192,53
482150213152000,0.561130360263179,538.1993586273915,144.35148360535996,302,96,0,298,81
482150213152001,0.017888393441114054,5590.216937545857,1341.6520650110056,100,20,0,100,24
482150213152002,0.018187733210039532,1979.356062916526,659.7853543055087,36,19,0,36,12
482150213152003,0.015933141798288426,3075.3507764089372,1004.1961718886325,49,8,0,44,16
482150213152004,0.0180513869263078,4099.408001285131,941.7558921871247,74,10,0,74,17
482150213152005,0.03282806528212214,3472.638397063361,1005.2374307288676,114,36,0,109,33
482150213152006,0.01865493226425259,1232.9179047234397,482.44613663091127,23,8,0,21,9
482150213152007,0.029563214490765925,3044.323885283568,980.9488074802608,90,20,0,90,29
482150213152008,0.035353246377035435,2517.449148823066,792.0064737870321,89,48,0,89,28
482150213152009,0.016553137443891256,4530.8631221254,1087.407149310096,75,24,0,75,18
482150213152010,0.01820551762889483,2416.849709901439,878.8544399641596,44,7,0,44,16
482150213152011,0.02983416984276925,3888.159134688117,905.0025572118892,116,38,0,113,27
482150213152012,0.030839380379880516,3015.6247905899177,810.6518254273973,93,34,0,93,25
482150213152013,0.015531238682143811,4378.272808219686,1030.1818372281614,68,10,0,68,16
482150214011000,0.05014711453978801,1116.7143017883543,319.06122908238694,56,15,0,56,16
482150214011001,0.0991840822545052,1814.8073350935697,816.6633007921064,180,53,0,178,81
482150214011002,0.014583998107181712,959.9562408819753,617.1147262812699,14,1,0,14,9
482150214011004,0.01818864390398349,1209.545918658718,494.8142394512937,22,10,0,22,9
482150214011008,0.015748367967275464,2349.44980183881,888.9810061011713,37,19,0,35,14
482150214011010,0.021522398066339585,1765.602507809337,557.5586866766328,38,5,0,35,12
482150214011011,0.016912945029399364,886.8946226648205,473.0104654212376,15,6,0,13,8
482150214011012,0.013851011565007043,2526.891255251234,721.9689300717811,35,14,0,29,10
482150214011014,0.028750573970847557,1739.0957151220316,660.856371746372,50,24,0,50,19
482150214011015,0.025475279757298547,2041.1944636290891,863.5822730738454,52,10,0,51,22
482150214011017,0.014607199611905151,2190.700534681499,479.2157419615779,32,16,0,32,7
482150214011018,0.010758356287628319,2788.530068900842,650.6570160768631,30,17,1,25,7
482150214011020,0.014469777529772302,1382.1912575261772,276.4382515052354,20,11,0,16,4
482150214011021,0.016033175619917038,3305.645821914489,997.9308141628645,53,11,2,48,16
482150214011022,0.016184486307682634,1730.0518204713512,679.6632151851737,28,3,0,26,11
482150214012039,0.01937918915837765,1341.6454005125474,516.0174617355952,26,2,0,23,10
482150214012040,0.019092790686481946,1728.4010777620172,680.8852730577644,33,11,0,29,13
482150214012041,0.019253016234016835,2804.755335145415,779.0987042070597,54,20,0,51,15
482150214012042,0.01922538436743489,728.2039064828291,468.13108273896154,14,1,1,13,9
482150214012043,0.019165615596844387,2347.9548451033966,1043.5354867126207,45,20,0,40,20
482150214012044,0.019008044140302122,1367.841941447993,736.5302761643038,26,4,0,25,14
482150214012045,0.0184283543477313,1193.8125122229594,434.1136408083489,22,6,0,20,8
482150214012046,0.01872328199636921,2563.65310362297,534.0943965881187,48,14,0,44,10
482150214012047,0.019309569377921346,2692.9652848425017,1035.7558787855776,52,17,0,52,20
482150214012048,0.06036638689953949,2451.695514695928,844.8410219560292,148,51,0,143,51
482150214012049,0.02211967094543641,1989.1796812229613,678.129436780555,44,17,0,43,15
482150214012050,0.008703316993438645,2987.3667728753503,1034.088498303006,26,0,0,25,9
482150214012052,0.010750698868166507,837.1548780563061,279.0516260187687,9,0,0,9,3
482150214012053,0.03924561674374733,1987.4830993050216,687.9749189901999,78,36,0,78,27
482150214012054,0.030721648952235996,683.5570588235489,292.9530252100924,21,10,0,19,9
482150214012055,0.030119787273806806,796.8183766314717,332.0076569297799,24,13,0,24,10
482150214012059,0.020720266725662947,2268.3105686949707,772.1908318961603,47,17,1,46,16
482150214012016,0.01924957129010676,2493.5620267381955,727.2889244653071,48,8,0,48,14
482150214012017,0.01956547428216278,1226.6505607727606,459.99396028978526,24,4,0,24,9
482150214012020,0.01913651424289568,627.0734496202688,104.51224160337813,12,6,0,12,2
482150214012022,0.015412190812109197,1622.0925567802965,454.185915898483,25,11,1,24,7
482150214012023,0.014759552784366968,2777.861944667213,609.7745732196321,41,7,0,37,9
482150214012024,0.014071468010697277,1989.842138625061,781.7236973169883,28,2,1,28,11
482150214012025,0.01877721839359934,1970.4729009602577,798.8403652541585,37,23,0,35,15
482150214012026,0.01925605066664483,1765.678777470944,1038.6345749829084,34,9,0,34,20
482150214012027,0.01925802153176898,1505.8660076872472,882.749038989076,29,10,0,27,17
482150214012028,0.019185379295986654,2084.9209902442485,416.9841980488497,40,17,0,33,8
482150214012029,0.019083488287824375,1310.0330308034129,314.4079273928191,25,8,0,22,6
482150214012030,0.019248615547993213,467.5660946918494,311.7107297945663,9,1,0,9,6
482150214012032,0.01950443692186008,1691.9227215944097,717.7853970400527,33,16,1,32,14
482150214013005,0.019394357624265956,1546.8416423581057,721.8594331004493,30,10,0,28,14
482150214013006,0.022661748283021612,1853.343328831641,661.9083317255861,42,22,0,35,15
482150214013008,0.10489028392174561,1859.0854434666378,896.1745214659691,195,74,3,192,94
482150214013014,0.17886896367032765,402.52930705576614,173.3112294267882,72,30,1,70,31
482150214013015,0.019983837838251747,2401.941027970191,1000.8087616542463,48,20,0,48,20
482150214013018,0.023154630854589648,10451.473034476445,4232.414699911949,242,93,0,228,98
482150214012033,0.01913389176861694,1672.425055340065,1097.5289425669175,32,4,0,32,21
482150214012034,0.01905145500249631,2467.003176074562,1102.2780148418256,47,26,0,47,21
482150214012036,0.018823718824836445,1859.3562900982242,1115.6137740589345,35,19,0,25,21
482150214012037,0.019599096120838936,714.3186560075268,408.18208914715814,14,11,1,13,8
482150214013019,0.023756038287561614,4840.874501377305,2188.917165840173,115,38,0,111,52
482150214013020,0.02153956492967882,3017.7025493415676,1439.2119850705938,65,25,2,62,31
482150214013021,0.01812481598167524,2979.340593283579,1213.80542689331,54,23,0,51,22
482150214013022,0.0239767608276309,9258.965445581225,3628.51348543048,222,104,0,208,87
482150214013023,0.023403973496060375,3418.222978823084,1153.6502553527907,80,20,0,78,27
482150214013024,0.02150034070976432,7209.1880818245445,2232.522760823085,155,45,0,155,48
482150214013025,0.022470661105199942,6808.87844303763,2937.163249937801,153,37,0,147,66
482150214013026,0.016958354599953488,2358.719400767201,884.5197752877004,40,13,0,37,15
482150214015011,0.019171942798729802,1199.6697591609661,782.3933211919344,23,7,0,23,15
482150214011023,0.012837578921504784,1713.7187731829129,778.9630787195058,22,8,0,19,10
482150214011024,0.012474292328980093,2565.2757812688155,721.4838134818543,32,4,0,31,9
482150214011025,0.012784841289307753,1720.7878848209941,547.5234178975891,22,13,1,21,7
482150214011026,0.012517048597902534,798.910375859345,239.67311275780347,10,5,0,10,3
482150214011027,0.017011002386706393,2292.633856219865,881.7822523922556,39,6,0,39,15
482150214012009,0.020013376448532412,649.5655559885945,349.76606860924323,13,7,0,12,7
482150214012013,0.019109952023382754,784.9313269675478,366.30128591818897,15,2,0,13,7
482150214012014,0.019047473289288946,1575.0120524841498,787.5060262420749,30,9,0,30,15
482150214012015,0.019161233208847706,3235.699880285966,1095.9628626775045,62,21,0,56,21
482150214015012,0.01925289926053732,1765.9677921698692,831.0436669034679,34,13,0,34,16
482150214015013,0.01919856529433383,1614.703990883589,625.0467061484861,31,5,0,31,12
482150214015014,0.012580891459489797,3020.4536874321816,1271.7699736556553,38,15,0,35,16
482150214051002,0.015367099673271625,4034.5934703500448,1431.6299410919512,62,19,0,57,22
482150214051003,0.012926891009229707,6652.7984136786345,1856.5949061428748,86,1,0,85,24
482150214051005,0.018914462040489893,2537.740692664013,793.0439664575041,48,20,0,47,15
482150214051006,0.013467756214991824,6608.376226837874,1930.5368752560082,89,25,1,89,26
482150214051008,0.01359580334270598,4045.3659569522224,1397.4900578562222,55,4,0,54,19
482150214051009,0.014078169435267686,4830.173433603588,1633.7351319541547,68,24,0,68,23
482150214051010,0.014893111856672376,2148.644306707697,470.0159420923087,32,12,1,31,7
482150214051011,0.014440763202808207,6509.351249643121,1731.2104387348727,94,4,0,92,25
482150214052000,0.17017788567800132,840.2971950807673,229.17196229475474,143,59,3,137,39
482150214052001,0.01888204184124879,741.4452376340084,211.84149646685955,14,2,0,14,4
482150214052002,0.0070310725370643385,2560.0646139138657,142.22581188410365,18,7,0,16,1
482150214052003,0.19715427543651923,710.1037991188679,304.33019962237194,140,40,0,139,60
482150214052005,0.012215666020679226,8595.519869506199,14898.901107144076,105,95,1,5,182
482150214052008,0.011389046414531263,3687.7538708080315,702.4293087253393,42,27,0,41,8
482150214052009,0.01769103555171713,2995.86758757351,904.4128566259652,53,23,0,53,16
482150214052010,0.01741519313950383,4421.426703866792,918.738016387905,77,27,1,67,16
482150214052011,0.02010331350576972,1144.0900025460442,696.4026102454181,23,11,0,19,14
482150214053000,0.21358031797430568,412.02298430226443,533.7570478461153,88,70,0,27,114
482150214053001,0.007555356576101777,529.4257074050395,1985.346402768898,4,1,0,3,15
482150214053002,0.009134745723499293,1642.0818328212724,875.7769775046787,15,14,1,1,8
482150214053003,0.009747835757144614,410.3474965782251,2667.2587277584635,4,4,0,0,26
482150214053004,0.007517823832541814,665.0860822724912,1862.2410303629754,5,4,0,2,14
482150214015015,0.0124893498072403,1040.8868516488878,480.40931614564056,13,0,1,13,6
482150214015016,0.019441969257191678,2623.191062866991,617.221426556939,51,10,0,46,12
482150214015017,0.018988441189563224,2475.190013271495,789.9542595547324,47,18,1,41,15
482150214015018,0.025999126110431016,500.01680613350754,115.38849372311714,13,0,0,13,3
482150214015019,0.023976881651712113,625.602620803231,166.82736554752827,15,0,0,15,4
482150214053005,0.009915118287887818,201.7121674123822,2420.5460089485864,2,1,0,1,24
482150214053006,0.012691331879070572,1181.909049651178,709.1454297907069,15,15,0,0,9
482150214053007,0.018693185503356403,160.48629055017634,855.9268829342739,3,3,0,0,16
482150214051000,0.23101194080819615,3675.1347009586184,960.9892857630309,849,178,2,831,222
482150214051001,0.015123275125219859,1388.5881084699704,132.24648652094956,21,7,1,16,2
482150214053012,0.018072506798650707,1161.9860063667459,1383.3166742461262,21,19,0,2,25
482150214053009,0.00708419795106353,846.9554410318584,1411.592401719764,6,2,1,6,10
482150214053010,0.01958504371298231,510.59370336617195,816.9499253858752,10,6,0,3,16
482150214053011,0.00920013620487622,760.8583008031868,2173.8808594376765,7,3,0,4,20
482150214053013,0.01511747851778691,595.3373764950807,1984.4579216502689,9,8,0,3,30
482150214053014,0.007831777977751123,510.739708322093,893.7944895636628,4,2,0,4,7
482150214053032,0.009329478982084867,964.6840962161385,535.9356090089658,9,6,0,3,5
482150214053033,0.01021238620385643,587.5218465332091,1272.964000821953,6,3,0,3,13
482150214053034,0.014731016868023151,475.18783412671326,1561.331454987772,7,6,0,2,23
482150214054000,0.031001705829100085,5031.981170970564,1709.5833465476915,156,45,0,155,53
482150214054001,0.012844700809754922,7396.046152188469,2257.7404043522693,95,24,0,86,29
482150214054002,0.4570967221727093,689.1320473765736,205.64575382031086,315,64,2,306,94
482150214054003,0.011853561431943374,7592.654791281968,2699.610592455811,90,38,0,79,32
482150214054004,0.012496076384128857,6482.034641119615,2560.803808837379,81,46,0,74,32
482150214054005,0.012298748360974106,5203.7815655357435,2601.8907827678718,64,15,0,63,32
482150214061000,0.49300542811876447,1640.9555632825868,537.5194366747658,809,268,0,790,265
482150214053015,0.016390329987404598,305.0579215819527,549.1042588475149,5,3,0,5,9
482150214053016,0.009240092485743739,216.44804996116002,974.0162248252201,2,1,0,1,9
482150214053017,0.009063200382771289,1213.6993043771242,662.0178023875224,11,1,0,10,6
482150214061001,0.015962079704649624,2505.9391219772147,814.4302146425948,40,17,0,34,13
482150214061002,0.02432774470799805,2137.477214766412,739.8959589576043,52,5,0,47,18
482150214061003,0.02041100432281326,2596.6385172317177,832.884052696966,53,16,0,43,17
482150214053018,0.002654378713886687,3013.8879422695345,1130.2079783510753,8,8,0,0,3
482150214053019,0.014324138988981397,907.5589122669105,2513.240064739137,13,13,0,1,36
482150214061004,0.020402784734572414,2842.7492008833137,882.2325106189594,58,22,0,57,18
482150214061005,0.008690324796984164,1610.9869685030037,690.4229865012874,14,5,0,13,6
482150214061006,0.01961769892062771,1478.2569616004732,560.7181578484553,29,2,0,25,11
482150214061007,0.015960936426692246,3007.342346137491,814.4885520789038,48,18,0,43,13
482150214061008,0.01372107270279723,1457.6119836405155,437.28359509215466,20,7,0,20,6
482150214061009,0.012557888609648198,1990.7805186926532,557.4185452339428,25,15,0,18,7
482150214061010,0.021999659008616345,1772.7547497315904,636.3734999036479,39,21,0,39,14
482150214061011,0.026556740781829853,1845.1059338398125,677.7940165125841,49,21,0,44,18
482150214061012,0.02475224368787805,2343.2219208638617,888.8083148104303,58,17,0,58,22
482150214061013,0.34434100656693817,1353.3096294455186,438.5187855070243,466,153,5,457,151
482150214061014,0.023559106514871465,1825.196552885257,509.35717754937406,43,21,0,40,12
482150214061015,0.023695827682225196,1772.463935982502,422.0152228529767,42,7,1,42,10
482150214061016,0.016524036706462422,2783.823397221682,665.6968993356197,46,23,1,46,11
482150214061017,0.011354709862856575,1849.4528044873266,528.415086996379,21,9,0,19,6
482150214061018,0.5900912265288122,488.0601287603416,183.02254828512812,288,85,1,272,108
482150214061019,0.024446607928185222,1104.4477041279374,409.0547052325694,27,8,0,27,10
482150214061020,0.024230894873702977,1980.9421092447096,619.0444091389718,48,3,0,46,15
482150214061021,0.03276974187303964,884.9627230008459,396.70742755210335,29,0,0,29,13
482150214061022,0.026003368177232835,692.2180187318903,269.1958961735129,18,2,0,17,7
482150214061024,0.028341023065183324,1905.3652324336338,458.69903743772664,54,11,1,53,13
482150214061025,0.01709566024325772,2105.7975818276964,643.4381500029073,36,12,0,34,11
482150214071001,0.005016309984503113,6977.2402638843105,797.3988873010641,35,21,0,31,4
482150214071002,0.04110124340960023,1970.743298269181,754.2350894610446,81,40,0,76,31
482150214071003,0.00497590044194531,3818.404371565766,602.905953405121,19,7,0,17,3
482150214071006,0.7677245570785541,356.89883497104825,373.8319913747841,274,176,0,139,287
482150214071007,0.011293000456920665,796.9538329810789,2302.3110730564504,9,8,0,2,26
482150214071009,0.023577166087832866,1187.5897169189288,1526.9010646100512,28,22,0,10,36
482150214071010,0.01686060532837916,1008.2674772883875,1008.2674772883875,17,11,0,6,17
482150214071012,0.013396496787067372,1940.8058997259434,1119.695711380352,26,20,0,5,15
482150214071013,0.016290335472158104,1780.1966110252333,1227.7218007070574,29,18,0,11,20
482150214071014,0.010941926073117097,1005.3074684013433,1005.3074684013433,11,7,0,7,11
482150214014001,0.005465645552777866,4939.947118648682,2561.4540615215387,27,13,5,17,14
482150214014002,0.3169513706059789,971.7579053566963,451.17331320132325,308,83,6,295,143
482150214015001,0.060096972154781464,1064.945499003946,349.4352418606698,64,18,0,64,21
482150214015002,0.01643972974991913,2189.8170193568476,912.4237580653531,36,5,0,36,15
482150214015003,0.03444888372597218,2873.8231632556663,783.7699536151816,99,25,0,98,27
482150214015004,0.011263912793426579,4794.0712069000965,1775.5819284815173,54,22,0,51,20
482150214015005,0.011202009074781126,23745.740449259305,7141.5760749652045,266,106,0,255,80
482150214015006,0.052136130663523524,1591.9861896861105,517.875025560542,83,24,0,83,27
482150214015007,0.018921877301097168,1744.013000131151,422.7910303348245,33,16,0,32,8
482150214015008,0.02078494475894544,721.6762023649011,481.1174682432674,15,9,0,14,10
482150214015009,0.01012352478241777,1876.8166630064088,493.8991218437918,19,5,0,19,5
482150214015010,0.05022171014446371,2230.1112343213695,736.7331756240238,112,22,0,112,37
482150214071016,0.01458708793171765,822.645346087729,1028.3066826096613,12,12,0,3,15
482150214071018,0.016717377168932224,1315.9959111818728,1016.9059313678108,22,16,0,13,17
482150214071019,0.010999814712793293,2545.4974225551914,2272.7655558528495,28,14,0,21,25
482150214071021,0.010853621466551009,1197.7568998572283,921.3514614286372,13,11,0,2,10
482150214071022,0.03816698238832799,1860.2466204326602,628.8157590194908,71,17,1,62,24
482150214071023,0.03232147660606504,1454.14148532993,587.8444302397589,47,14,0,44,19
482150214071024,0.035204451754540574,1533.8969166885329,568.1099691439011,54,10,1,53,20
482150214071025,0.03500090433149351,1828.5241830855596,514.2724264928137,64,21,1,58,18
482150214071026,0.005819139801990085,1890.313753286717,687.386819376988,11,6,1,4,4
482150214071027,0.019101487315568065,1361.1505518111942,1151.742774609472,26,16,3,9,22
482150214071028,0.004848689574075743,618.7238745990168,1031.2064576650278,3,0,0,3,5
482150214071029,0.011249420532874753,977.8281439345379,1777.869352608251,11,8,0,5,20
482150214072000,0.035956958028583015,1056.8190993741161,305.92131823987575,38,4,0,38,11
482150214053020,0.0073591116345944245,543.5438676044012,2310.061437318705,4,3,0,3,17
482150214053021,0.009139673200036632,875.304819429204,765.8917170005535,8,3,0,7,7
482150214053023,0.01001570510775879,1397.8047326048695,998.4319518606211,14,12,1,6,10
482150214053024,0.007628961203891229,1441.8738942320665,1441.8738942320665,11,8,0,9,11
482150214053025,0.00900349892522762,222.13586258071746,555.3396564517936,2,0,0,2,5
482150214053027,0.026173639195825722,725.9212162988094,725.9212162988094,19,6,0,13,19
482150214053028,0.009189826050753615,435.26395145117885,217.63197572558943,4,0,0,4,2
482150214053030,0.009183013189165644,544.4835912790727,108.89671825581453,5,2,0,2,1
482150214053031,0.00928635104354942,753.7944632044049,538.424616574575,7,0,0,6,5
482150214081012,0.02307541912812701,2340.1525103471904,693.3785215843528,54,15,0,50,16
482150214072013,0.033197649734213165,3735.204178391184,1235.0271880164398,124,37,0,124,41
482150214081000,0.8549486756255381,516.9900984718212,155.56489388405478,442,139,0,427,133
482150214081001,0.0507477506515474,748.801661396224,78.821227515392,38,5,0,33,4
482150214081002,0.6252677939845235,1468.170932249746,530.972494016248,918,283,9,869,332
482150214081003,0.023510510866632067,8081.491766717102,2679.652533174618,190,77,1,175,63
482150214081004,0.024040104008506792,8943.38892726589,2828.606730484096,215,89,0,207,68
482150214081006,0.022050929539973,2630.274605651432,725.592994662464,58,15,1,55,16
482150214081007,0.024371462542181428,7467.750434960545,2584.99053517865,182,81,3,173,63
482150214081009,0.021998213204224733,8818.898071355292,2682.0360113915576,194,71,0,187,59
482150214081010,0.019266846879914198,2958.4498364090305,674.7341732160947,57,21,0,57,13
482150214081011,0.06912963095278658,1374.2298156471006,448.43288721115914,95,27,0,84,31
482150214082010,0.033263213609555656,2795.881392929621,871.8339827414948,93,37,0,90,29
482150214082011,0.018650757535774776,5522.563885270157,2198.3021290881206,103,12,1,93,41
482150214082012,0.018755613379385902,5864.910828291004,2665.8685583140928,110,15,0,99,50
482150214082013,0.018133572270540577,4411.70657421794,992.6339791990365,80,28,0,78,18
482150214082014,0.009247334439919958,4001.153006889655,865.1141636518173,37,16,3,31,8
482150214082015,0.03646537672514883,850.1214791679483,246.8094616939205,31,13,0,25,9
482150214082016,0.03587405100099518,724.7578479296564,250.87771659103487,26,1,0,21,9
482150214082017,0.017890067519980776,1844.5989632595563,670.7632593671113,33,9,0,31,12
482150214082018,0.03697571570640434,1027.701540701165,324.53732864247314,38,5,1,34,12
482150214082019,0.40259002814261524,1001.0183358472046,298.0699759346515,403,137,0,393,120
482150214091000,0.4648889336131002,563.5754715943556,942.1605212149914,262,221,2,54,438
482150214092000,0.26292773530049435,1631.6270305591963,696.0087333154614,429,141,0,413,183
482150214092001,0.13447796849130186,364.37195289107416,208.21254450918525,49,18,0,45,28
482150214092002,0.22197769504647735,761.3377549695479,364.9015275297833,169,56,0,155,81
482150214092003,0.007995236882819778,6128.6489341287115,2251.340424781976,49,26,0,43,18
482150214092004,0.011758383962650262,5187.787726082301,1871.0054094067316,61,32,0,54,22
482150214092008,0.013072263863566993,3059.9137546084776,917.9741263825433,40,8,0,37,12
482150214092009,0.026933040455376034,2858.9419797433316,928.2279155010817,77,22,0,68,25
482150214092010,0.013728725674062005,2840.75892591281,874.0796695116338,39,9,2,31,12
482150214092011,0.032041308543065375,3089.7614517502698,1810.1632747627843,99,47,0,87,58
482150214092012,0.004701048563322384,2978.0590035227683,1701.7480020130106,14,5,0,13,8
482150214092013,0.015033183769911264,6585.431370708533,1929.065755056035,99,48,0,98,29
482150214092014,0.023901500182061417,2803.1713277263207,878.6059385410856,67,22,0,62,21
482150214092015,0.0285490385430253,2136.6744070231625,1015.7960295683888,61,21,0,54,29
482150214093000,0.464709256685956,860.7532435496855,378.73142716186163,400,133,0,366,176
482150214093001,0.012049727065899667,3153.5984003769477,1244.8414738330057,38,10,0,36,15
482150214093002,0.026812306305324572,3356.66760535729,1007.000281607187,90,20,0,86,27
482150214093003,0.015383589831947972,1170.0779984798073,390.0259994932691,18,6,0,14,6
482150214093004,0.032831453115958906,700.5477314319671,274.1273731690306,23,2,2,17,9
482150214093005,0.007611941270330747,5911.763951122117,2101.9605159545304,45,23,0,42,16
482150214093006,0.021364062667528307,2199.956100645422,936.1515321895412,47,19,0,37,20
482150215001008,0.012626374955209614,4118.363361175562,1583.985908144447,52,25,0,50,20
482150215001009,0.012476207041825883,5049.6116158376935,1202.2884799613555,63,22,0,63,15
482150215001010,0.009040309023332062,2322.9294425446374,553.0784387011041,21,14,0,21,5
482150215001011,0.00853384827657936,937.443430059042,117.18042875738026,8,8,0,8,1
482150215001012,0.01064912594519492,1878.0884086570848,939.0442043285424,20,4,0,18,10
482150215001013,0.008893622166274704,4385.164927276873,1461.7216424256244,39,15,1,37,13
482150215001014,0.01175908717118322,4166.9901146816255,1275.6092187800896,49,16,0,48,15
482150215001015,0.011827128765307362,2621.092626549617,1099.1678756498393,31,5,0,31,13
482150215001016,0.011300590082559677,3716.620078523072,1415.8552680087894,42,19,0,42,16
482150215001017,0.011791164615580552,2968.3242615196696,1017.7111753781725,35,23,0,33,12
482150215001018,0.0122737713727817,4155.2020524919935,1222.1182507329395,51,14,0,45,15
482150215001019,0.012080474604312335,3062.7935749140356,1241.6730709110957,37,15,0,35,15
482150215001020,0.009105693457962685,3514.2847876145947,1098.2139961295609,32,15,0,27,10
482150215001021,0.010898306767119816,2202.17695398408,1009.33110390937,24,2,0,24,11
482150215001022,0.00872711513374759,3093.8058666822794,687.5124148182844,27,2,0,27,6
482150215001023,0.009103882007709613,2746.0812847561924,1098.432513902477,25,0,0,25,10
482150215001024,0.012742297970663338,2118.927061834706,1098.702920951329,27,14,0,23,14
482150215001025,0.01333181840416753,2100.2386284565046,900.102269338502,28,18,0,28,12
482150215002000,0.1230939556970585,487.4325441913943,211.2207691496042,60,21,0,60,26
482150215003010,0.019582222980797776,1685.2019319951378,612.8007025436865,33,21,0,32,12
482150215003012,0.01948602257211474,2001.4346106634673,718.4637063920139,39,12,0,39,14
482150215003013,0.01957242555035454,1788.2300744971285,562.015166270526,35,19,0,35,11
482150215003014,0.001512281171053022,9918.790425430805,1322.5053900574405,15,1,0,13,2
482150215003015,0.019617813253604982,713.6371326925212,458.7667281594779,14,8,0,9,9
482150215003016,0.018953341734988825,3271.1909523345357,1055.2228878498504,62,9,0,62,20
482150215003017,0.01890285807385383,2750.906756895439,1058.0410603443995,52,26,0,52,20
482150215003018,0.013653476795463197,2783.1738808555133,1098.6212687587551,38,4,0,38,15
482150215003019,0.014617188115777769,1299.8396031786326,957.7765497105714,19,7,0,17,14
482150215003020,0.01650093114322731,60.60264062191684,242.41056248766736,1,0,0,1,4
482150215004001,0.011001098646897802,2454.3003264145555,1090.8001450731358,27,15,0,27,12
482150215004020,0.009749907030254914,2051.301611178245,1128.2158861480345,20,1,0,20,11
482150215004021,0.025767431089215035,1319.4951364100361,426.89548530912936,34,20,0,34,11
482150215004022,0.012440269983170696,2331.1391183014075,482.30464516580844,29,9,0,29,6
482150216001000,0.2832770430224641,773.0947685112384,254.16814307218797,219,53,0,213,72
482150216001001,0.010326376452003367,3002.0211004399175,774.7151226941722,31,7,0,30,8
482150216001002,0.012530595317894732,2473.9447100114567,1117.2653529083998,31,7,0,31,14
482150216001003,0.010169615454764129,3343.2925906821897,884.9892151805797,34,7,0,34,9
482150216001004,0.009679841346049099,2995.916871285971,1136.382261522265,29,7,0,29,11
482150216001005,0.011784222884021091,2800.3543657296746,1018.3106784471544,33,18,1,32,12
482150216001006,0.009613105067943216,2912.690520087156,1144.2712757485256,28,2,0,27,11
482150216001007,0.009634499696358797,4566.921105060504,1037.936614786478,44,8,0,43,10
482150216001008,0.011817399331077639,3977.186408214068,1100.0728363145295,47,29,0,47,13
482150216001009,0.00964390578902329,3214.4652465689005,829.5394184693937,31,12,0,30,8
482150216001010,0.00962254584730909,1143.1486193517185,831.3808140739771,11,5,0,10,8
482150214072001,1.124003636007516,1032.025131271233,459.07324804823816,1160,388,0,1054,516
482150214072002,0.01129448579089428,3895.706348621308,619.7714645533898,44,7,0,43,7
482150214072003,0.017426997606325094,6369.427626461185,2467.4359273678465,111,24,0,103,43
482150214072004,0.03569936671697214,1568.65527738834,588.2457290206274,56,7,0,56,21
482150214072005,0.011673921052087656,2569.830639263667,770.9491917791001,30,12,0,24,9
482150214072006,0.02324652089956851,3656.4611266874663,1204.481312320577,85,33,2,80,28
482150214072007,0.014571137177326353,2196.1223486245194,1372.5764678903247,32,15,0,17,20
482150214072008,0.018192667648822654,1539.081598174088,1429.1471983045103,28,20,0,12,26
482150214072009,0.013751293197557964,581.7634665386007,799.924766490576,8,6,0,2,11
482150214072010,0.03003974063639953,1498.015596894766,1464.7263614082158,45,37,0,9,44
482150214072011,0.01721848782952145,1451.9277329996999,1161.5421863997599,25,15,0,11,20
482150214072012,0.012227412439525243,2126.369755546539,408.9172606820267,26,4,3,18,5
482150214082000,0.931604828704361,859.806621133554,421.85268677339167,801,307,1,609,393
482150214082001,0.03185209861502031,7409.244924562392,2637.1888714544107,236,96,0,219,84
482150214082002,0.007524878091089108,1328.9251837636957,531.5700735054783,10,3,0,7,4
482150214082003,0.01053355803524118,3797.3873468181964,949.3468367045491,40,7,0,32,10
482150214082005,0.01455346230273611,824.5460599258192,206.1365149814548,12,0,0,12,3
482150214082006,1.3334971470499974,484.44048150316684,147.73184962248277,646,180,0,612,197
482150214082007,0.0372422415331988,1127.751667755014,349.0659924003615,42,14,0,42,13
482150214082008,0.03400863527543546,2440.5566212164695,1764.2577984697368,83,17,0,82,60
482150214082009,0.02174574651495037,2805.1462826563356,1517.538152912444,61,15,0,46,33
482150214093007,0.023996739407800245,625.0849227926434,458.39561004793853,15,5,0,14,11
482150214093008,0.3065541301082032,877.4959251243887,407.758329518768,269,89,2,242,125
482150214093009,0.02097559558259012,3241.862655687376,1525.5824262058238,68,28,0,60,32
482150214093010,0.1018031896539818,1119.8077426402242,569.7267462555527,114,40,0,90,58
482150214093011,0.04523140272740222,2719.349668222511,818.015753855552,123,32,0,115,37
482150215001000,0.02548976455540654,392.3143337892832,353.08290041035485,10,1,0,10,9
482150215001001,0.012030829943859034,2327.353983944574,997.4374216905318,28,14,0,28,12
482150215001002,0.012209819229736766,2620.8414226203,900.9142390257281,32,10,0,31,11
482150215001003,0.01218995262252492,2379.008425874685,1148.4868262843308,29,10,0,29,14
482150215001004,0.009088312310373466,1870.5343103797254,990.2828702010311,17,7,0,17,9
482150215001005,0.011006957241015374,2998.1037699530307,1090.2195527101928,33,4,0,32,12
482150215001006,0.008718721955961795,3555.566992109714,1032.261384806046,31,16,0,30,9
482150215001007,0.00900132464727914,4777.074673447953,1222.0423583238946,43,20,0,43,11
482150215002001,0.014108534694375938,2622.526066774975,921.4280775155318,37,18,0,37,13
482150215002002,0.014499290092272056,2069.066817001588,827.6267268006351,30,10,0,30,12
482150215002003,0.013028984180973941,3070.0781768091706,1304.7832251438974,40,6,0,40,17
482150215002004,0.013496446400968027,3408.3045739136687,1259.590820794182,46,16,0,42,17
482150215002005,0.013598135213369346,4265.290724788194,1176.631924079502,58,6,0,57,16
482150215002006,0.01026648220019801,3214.3434680443443,1168.8521701979435,33,7,0,33,12
482150215002007,0.012164560918353504,3041.622319813909,1315.2961382979065,37,16,0,37,16
482150215002008,0.009675710678442985,2067.0316284424493,1136.8673956433472,20,8,0,18,11
482150215002009,0.010149469856464564,4532.256428221316,1083.8004502268366,46,11,0,44,11
482150215002010,0.014511629108633956,4823.71754928275,1171.4742619686679,70,47,0,68,17
482150215002012,0.018867909771425218,1802.0014093713655,742.0005803293858,34,23,0,34,14
482150215002013,0.019056770808768803,2886.113316464521,1049.495751441644,55,9,0,55,20
482150215002014,0.01928133862219873,1504.0449508319984,622.3634279304821,29,11,0,29,12
482150215002015,0.019333667790189878,1965.4832395165924,827.5718903227757,38,15,0,38,16
482150215002016,0.019450832648134003,976.8219357860111,514.1168083084269,19,5,0,16,10
482150215002017,0.017506326729090062,3084.5991186871215,856.8330885242003,54,30,0,53,15
482150215002018,0.06727535733008096,3240.413855111926,1129.6855641674604,218,48,0,218,76
482150215002019,0.006793700146693215,3091.0990397804944,1324.7567313344975,21,5,0,21,9
482150215002020,0.008464079854975876,3898.829000366757,1181.4633334444718,33,17,0,33,10
482150215002021,0.006983286834637762,4295.971325593726,1002.3933093052027,30,14,0,30,7
482150215002022,0.00912015233243716,3399.0660320161483,1864.0039530411136,31,12,1,31,17
482150215002023,0.09763004916413598,481.4091604213313,163.88396950513408,47,7,0,47,16
482150215003000,0.018976935814656763,2160.517398616789,1053.9109261545311,41,14,0,41,20
482150215003001,0.01931665704874834,1915.4453022914483,465.91912758440634,37,17,0,37,9
482150215003003,0.01947134258992995,1643.440859417138,564.9327954246412,32,10,0,32,11
482150215003004,0.01912063243310299,2039.6814873382768,941.3914556945892,39,11,0,39,18
482150215003005,0.019201509128814565,3541.388311919527,1041.5847976233904,68,12,0,67,20
482150215003006,0.019185773227769785,2606.0977270193744,1146.6829998885246,50,28,0,50,22
482150215003007,0.018849798874486408,1962.8856650603452,742.7134948876982,37,17,0,37,14
482150215004002,0.0077231526962494215,5308.71285503791,1165.3272120814925,41,24,0,41,9
482150215004003,0.013702137921106115,1897.5141069008546,802.7944298426692,26,9,0,26,11
482150215004004,0.01279010223582342,3283.7892321426048,1094.5964107142017,42,14,0,42,14
482150215004005,0.012994804782071436,3847.6915073771315,846.4921316229689,50,27,0,50,11
482150215004006,0.060588255069190605,1980.581877840224,610.6794123340691,120,57,0,120,37
482150215004008,0.0077316975877353596,2198.740937173586,1164.0393196801338,17,1,0,15,9
482150215004009,0.013567729982714218,3906.3277399774265,884.451563768474,53,4,0,49,12
482150215004010,0.011967288545710322,2172.589045604629,835.6111713863959,26,9,0,26,10
482150215004011,0.012460488826142117,3290.400607236368,802.5367334722848,41,19,0,41,10
482150215004012,0.01025244371443358,3023.6693673682526,1365.528101392114,31,14,0,29,14
482150215004013,0.009747391361329053,4719.2113556142185,1333.6901657170617,46,11,0,46,13
482150215004014,0.011485988140705665,2350.6902209234913,1218.8764108492178,27,3,0,27,14
482150215004015,0.012041844377510925,3155.6627713083503,1245.6563570954013,38,12,0,37,15
482150215004016,0.010915915099761288,1832.1872071391765,1282.5310449974236,20,6,0,20,14
482150215004017,0.01916468740799215,3130.7580824396077,1043.5860274798692,60,19,0,57,20
482150215004018,0.01867294652133897,1713.709186894056,910.4080055374673,32,13,0,32,17
482150215004019,0.009533069534376052,2517.5521812210113,944.0820679578792,24,10,0,24,9
482150216001011,0.01207096643071984,3976.4835960311393,1159.8077155090823,48,11,0,48,14
482150216001012,0.009831043861888355,3661.8695334642816,1220.6231778214271,36,8,0,36,12
482150216001013,0.009835276502142888,4168.667753373991,1220.0978790362901,41,15,0,41,12
482150216001014,0.011967949439128999,2924.47759559947,1002.6780327769611,35,14,0,35,12
482150216001015,0.009913095020375724,403.5066739275937,403.5066739275937,4,0,0,4,4
482150216001016,0.010550297970126797,2938.305637222437,853.056475322643,31,18,0,31,9
482150216001017,0.013581057003353426,3387.0706815118815,1104.4795700582222,46,15,0,45,15
482150216001018,0.011076780950296126,4333.388934509603,1083.3472336274008,48,6,0,43,12
482150216001019,0.03064661749422256,2023.0617624176018,685.2305969478974,62,31,0,61,21
482150216001020,0.010219678553809937,2935.5130733359397,1174.2052293343759,30,15,0,26,12
482150216001021,0.012719473328525542,3616.5019424850966,1022.0548967892664,46,16,0,43,13
482150216001022,0.010075264791165436,3573.1070841499713,992.5297455972143,36,6,0,32,10
482150216001023,0.02598197267922099,885.2291657743981,423.3704705877556,23,9,0,23,11
482150216001024,0.015064683871572015,2522.455852638789,796.5650060964597,38,4,0,38,12
482150216001025,0.027379025677077187,4163.771251197056,1095.7292766308042,114,38,0,114,30
482150216002000,0.06360599311807551,503.0972465219832,251.5486232609916,32,11,0,32,16
482150216002001,0.012800321472993896,3203.044555287284,1015.5994931398704,41,10,0,41,13
482150216002002,0.05147279534625838,2953.016228815501,1185.0920391956945,152,40,0,142,61
482150216002003,0.23306705885919446,609.2667093112808,235.98358459239748,142,33,0,142,55
482150216002004,0.012904412064378054,2634.7577735722807,1007.4073840129308,34,15,0,32,13
482150216002005,0.010993790795678294,3729.377860830067,1637.2878413400297,41,13,0,41,18
482150216002006,0.008589812333339624,5005.930086866296,0.0,43,25,0,40,0
482150216002007,0.011923887030964848,5870.56886887797,1509.5748519971921,70,13,0,67,18
482150216002008,0.012032176273449003,2077.762113173712,1329.7677524311757,25,11,0,25,16
482150216002009,0.012913586802296982,3484.701863931073,1393.8807455724293,45,18,0,45,18
482150216002010,0.005202077634099216,3652.3868608681405,1537.8470993129013,19,8,0,19,8
482150216002011,0.0052335261782315845,6305.500130535459,1528.6060922510205,33,11,0,29,8
482150216002012,0.005274532267301134,5118.937306988043,1327.1318944043073,27,25,0,26,7
482150216002013,0.008610757764709705,2903.344941656575,1277.471774328893,25,13,0,25,11
482150216002014,0.00841921797455083,3563.276315054726,1187.7587716849089,30,11,0,30,10
482150216002015,0.012286811862948006,3906.6277351204785,1871.9257897452294,48,20,0,48,23
482150216002016,0.014620653378208746,5471.711689659195,1367.9279224147988,80,23,0,79,20
482150216002017,0.007045382405841717,2980.675680937877,709.6846859375898,21,15,0,20,5
482150216002018,0.007342992796483049,1770.3953088754756,817.1055271732964,13,9,0,13,6
482150216002019,0.014110646403879809,3897.766156543857,1063.02713360287,55,15,3,54,15
482150216002020,0.014224775807341005,2460.495720567876,1054.4981659576613,35,18,0,33,15
482150216002021,0.012500504276620934,1359.945136916936,959.9612731178372,17,4,0,16,12
482150214081014,0.011109935852713705,4500.476030002193,720.0761648003509,50,14,0,36,8
482150214081015,0.027211741136164914,5365.331063140361,1175.962972743093,146,52,0,136,32
482150214081017,0.01888364470777565,1482.7646057368652,582.5146665394827,28,8,0,24,11
482150214081019,0.013097664396873512,5039.06635565915,1832.3877656942361,66,18,1,61,24
482150214081021,0.10077186716067482,605.327674466318,218.31489898785236,61,10,0,59,22
482150217031002,0.7762012780877651,943.0543605948982,307.9098253854927,732,299,1,710,239
482150216003011,0.012159059303911514,3125.241768314723,1233.6480664400221,38,20,0,38,15
482150216003012,0.020097796934211105,2935.645145243175,895.6205527860534,59,32,0,58,18
482150216003013,0.021428989664917183,1913.2959902035798,746.6520937379823,41,21,0,41,16
482150216003014,0.017132678623075707,4435.967175479316,1284.0957613229598,76,39,0,76,22
482150216003015,0.0166736123947664,2039.1501970306144,899.625086925271,34,7,0,34,15
482150216003016,0.01672729767043201,2630.4308601966563,1315.2154300983282,44,13,0,41,22
482150216003017,0.019616474281199402,2854.7433752491843,1223.4614465353648,56,21,0,56,24
482150216003018,0.0123411547929432,4537.662879977924,972.3563314238407,56,20,1,55,12
482150216003019,0.01206821498014759,3065.90494624645,1160.072141822981,37,12,0,37,14
482150216003020,0.012521979115700108,2475.6469974568217,1197.8937084468491,31,12,0,31,15
482150216003022,0.013964759346114908,5012.617708981465,1647.0029615224812,70,19,0,69,23
482150217031016,0.013174893360633523,3643.293246184718,1214.4310820615729,48,14,0,47,16
482150217031017,0.013018141406500636,6375.718115840544,1229.054094619864,83,20,0,83,16
482150217031018,0.0191622408517991,4383.620926678491,1356.8350487338184,84,19,0,83,26
482150217031019,0.028215909180724377,1346.7579498008733,567.0559788635256,38,8,0,38,16
482150217032000,0.0242984764599966,1975.4324959025319,823.0968732927216,48,8,0,48,20
482150217032001,0.034329620209285386,3641.1704888651907,1019.5277368822534,125,35,1,121,35
482150217032002,0.022516623892524432,4219.104980100512,1287.937309714893,95,24,0,93,29
482150217032003,0.02166048768390086,4986.037321785277,1246.5093304463192,108,37,1,95,27
482150217032004,0.0214997440894575,4604.705971758292,1348.8532644544491,99,25,2,97,29
482150217032005,0.03877860206467616,3997.0497064717847,1186.2212032109812,155,64,0,153,46
482150217033009,0.017874023080955277,3356.826816673961,1118.9422722246536,60,20,2,60,20
482150217033010,0.018358745089464296,3050.317422411254,1143.8690334042203,56,19,3,56,21
482150217033011,0.017679697610043447,3733.09552322359,1244.3651744078634,66,20,0,60,22
482150217033012,0.018247765412034635,2027.6455316330419,1041.2233811088593,37,9,1,34,19
482150217033013,0.024443484932933336,1636.4278706473222,490.9283611941966,40,14,0,38,12
482150217033014,0.02540307751113721,866.0368016573884,354.2877824962044,22,6,0,20,9
482150217033015,0.025114856571080504,1075.0608877093975,278.7194894061401,27,7,0,26,7
482150217033020,0.01869157444894537,3370.502585112868,909.500697570139,63,24,3,58,17
482150217033021,0.020867881048731444,3162.7552335512346,862.5696091503368,66,25,0,59,18
482150217033022,0.018083524990652165,3539.1329971940336,1050.6801085419786,64,9,0,63,19
482150217041001,0.6404105797151094,627.7222968097001,237.34773411710054,402,163,0,382,152
482150217041002,0.021276183259458105,2726.052849456291,893.0173127529229,58,16,1,58,19
482150217041003,0.020967355006484972,3910.841399625194,858.4773804055303,82,21,2,78,18
482150217041004,0.020800455722572407,3317.235012554173,913.4415251960767,69,23,0,64,19
482150217041005,0.02148618883932539,2513.2423625154856,651.5813532447555,54,12,0,51,14
482150217042017,0.023625962692069288,2327.947466812105,761.8737164112343,55,9,0,53,18
482150217042018,0.036128959331529216,2435.7192022191375,858.037446236287,88,27,0,76,31
482150217042019,0.045112028307417854,598.5099986195996,243.8374068450221,27,2,0,26,11
482150217042021,0.04502451413427579,666.3036920405525,355.36196908829464,30,8,0,25,16
482150217043000,0.0660288200176076,1120.7227386505888,1181.302346145215,74,62,0,8,78
482150217043001,0.0227498550005221,791.2138340919935,527.4758893946623,18,9,0,8,12
482150217043002,0.02302206179058326,1867.7736334453043,1259.6612876724146,43,38,0,10,29
482150217043003,0.010872312018256334,2299.418923778221,2023.4886529248347,25,21,0,4,22
482150217043004,0.02147200364303067,1816.3186188103375,1397.1681683156442,39,34,2,3,30
482150217043005,0.011335151626687433,2558.413063634943,1940.8650827575427,29,20,2,13,22
482150217043006,0.009917885583017233,907.4514849627866,1411.5911988310013,9,6,0,4,14
482150217043008,0.011122845833705904,3416.3918630291023,1888.0060295687144,38,26,2,14,21
482150217043009,0.02587390467942113,734.3306020258973,772.9795810798919,19,16,1,6,20
482150217043010,0.01046020113638166,286.801368433126,478.00228072187673,3,2,0,0,5
482150217043011,0.01024639329443149,1073.5484851999645,292.7859505090812,11,3,0,6,3
482150217043012,0.03638397690250534,714.6002777450555,467.23864314099785,26,9,1,16,17
482150217043015,0.01444206752461635,484.6951441037493,138.4843268867855,7,0,1,7,2
482150217043017,0.805317873073134,408.5343328399248,158.94344864288865,329,134,0,274,128
482150217043018,0.035546511868443924,6920.510257389957,2419.3653745347,246,99,3,223,86
482150217043021,0.015618444020981033,704.2955101816258,576.2417810576939,11,6,0,6,9
482150217043022,0.008854770762942119,903.467770558285,451.7338852791425,8,0,0,8,4
482150217043024,0.018649022277069063,911.5759393404388,321.732684473096,17,7,2,9,6
482150217044001,0.926379475382597,830.1133827283912,315.20560176422657,769,242,0,732,292
482150217044002,0.025299821498238485,1501.9868817116267,513.8376174276618,38,11,3,33,13
482150217044003,0.027794542013434956,3453.9155188668624,1079.3485996458944,96,27,2,90,30
482150217044004,0.02831167468344988,3955.965207013053,1024.3124196730225,112,53,2,104,29
482150217044005,0.027165648458923875,3865.1755417790387,1177.9582603517072,105,29,1,104,32
482150217044006,0.018950516465093357,3113.371612255389,633.2281245265198,59,15,0,56,12
482150217044007,0.02620737555215571,3128.8901796675714,1030.2443274515174,82,18,5,77,27
482150217044008,0.025021050076751542,4995.793526513282,2078.250107029525,125,41,0,117,52
482150217045000,0.669830779554079,1155.5157266963288,440.4097407951124,774,280,0,736,295
482150217045001,0.01219708098081248,2787.552206424325,1065.8287848093007,34,7,0,30,13
482150217045002,0.012294376120874802,4066.9001426680175,1057.3940370936846,50,11,0,49,13
482150217045003,0.012098833039297034,2727.535779096706,909.1785930322352,33,12,0,27,11
482150217045004,0.012141922348432503,2964.934132085561,905.9520959150326,36,11,0,36,11
482150217045005,0.03184544131078114,7347.990493093914,2794.7485208775997,234,76,4,210,89
482150217045006,0.04557685571179026,2018.5683843960423,548.5240174989245,92,61,1,71,25
482150217045007,0.008278692450346212,3261.3845920645194,724.7521315698932,27,3,0,24,6
482150217045008,0.034714407510304066,1123.4528484584928,403.29076611330515,39,11,1,38,14
482150217051000,0.04569685734050094,1269.2338899330575,306.3668010183242,58,11,0,54,14
482150217051001,0.02195490080372735,2960.6146063281117,728.7666723269199,65,20,0,57,16
482150217051002,0.010558476556562857,4640.821025410428,757.685065373131,49,25,0,49,8
482150217051003,0.431297841573058,1782.9906062020907,558.7785905002651,769,231,0,752,241
482150217051004,0.023553812684350663,3905.9493778315355,1316.1351164432347,92,19,0,92,31
482150217051005,0.030158703922198615,4376.845912892168,1061.0535546405256,132,39,0,132,32
482150217051006,0.0303738144495346,3819.0791015969153,1053.5390625094938,116,21,2,112,32
482150217051007,0.030245066421070728,4066.7789677694345,1058.023796492861,123,27,0,116,32
482150217051008,0.021579817468069033,3197.43204974264,926.7918984761276,69,28,0,69,20
482150217051009,0.024101670712682585,4232.071760333461,1327.7087875555956,102,26,2,101,32
482150217051010,0.02979960035912954,3926.227150363624,1040.2824073613021,117,46,0,110,31
482150217051011,0.03218127132065696,3418.1371799749777,963.2932052656755,110,40,0,108,31
482150217051012,0.030754552207080954,3966.8924189997024,1073.0118838277883,122,51,0,121,33
482150217051013,0.02865481415367355,4397.166888756345,1116.7407971444686,126,53,0,126,32
482150217051014,0.02867562962752602,3522.154572084761,1115.9301614525975,101,38,0,101,32
482150217051015,0.024910746304839908,3813.6151698330473,1244.442844892889,95,16,0,95,31
482150217051016,0.02506857810322351,3949.166944864329,1196.7172560194936,99,19,0,93,30
482150217052001,0.009399177845114827,2447.0225352693087,744.745988995007,23,7,0,16,7
482150217052002,0.014620149102295242,2120.361412397173,683.9875523861848,31,2,0,30,10
482150217052003,0.07278850012601538,1318.88965748435,467.10675369237396,96,32,0,90,34
482150217052009,0.00409371500823119,4152.707251437454,488.5537942867593,17,9,0,12,2
482150217052011,0.014019261019728337,4351.156591931552,998.6261030662578,61,20,0,61,14
482150217052012,0.01606520968218805,3112.315431241237,1120.4335552468453,50,26,0,45,18
482150217052013,0.01704015046841898,4753.479152083763,1349.7533394805748,81,26,0,76,23
482150217052014,0.01737261532175824,5295.690849999717,1381.4845695651436,92,22,0,92,24
482150217052015,0.016740924214404505,3942.4346681655234,1314.1448893885079,66,14,0,66,22
482150217052016,0.016869966594575028,3023.1239471689505,1185.5388028113532,51,21,0,51,20
482150217052017,0.01460506976210518,1506.326252345741,684.693751066246,22,3,0,22,10
482150216002022,0.010146385157581962,2759.603500669082,985.5726788103865,28,7,0,27,10
482150216002023,0.010328294408224713,3679.213478823718,871.3926660371964,38,7,0,33,9
482150216002024,0.014860229113260447,3431.979386811097,1345.874269337685,51,21,0,44,20
482150216003000,0.2146521118289295,1667.8149446082039,586.9963212866862,358,120,0,358,126
482150216003001,0.014059033088440937,2347.245346988475,1280.3156438118956,33,4,0,33,18
482150216003002,0.005083922443067933,5310.859931943934,1376.8896119854642,27,5,0,22,7
482150216003003,0.004922050364521223,4672.8493811820745,1015.8368219961031,23,8,0,20,5
482150216003005,0.02249746944161488,1555.7305274191622,444.4944364054749,35,26,0,31,10
482150216003006,0.1437965320314413,834.5124760989496,354.66780234205356,120,51,0,118,51
482150216003007,0.012555390707311246,2469.058966197532,1274.3530148116292,31,16,0,31,16
482150216003008,0.1406744519797295,853.0333568833908,312.7788975239099,120,26,0,120,44
482150216003009,0.01488050049263053,1344.040814346592,604.8183664559664,20,9,0,17,9
482150216003010,0.03132933489490179,7086.010626932459,4213.3036160138945,222,61,0,219,132
482150217032006,0.6250505396423707,1532.676062559885,687.9443704600736,958,314,2,866,430
482150217032007,0.025866116236097022,3402.134251495904,1005.1760288510626,88,30,0,79,26
482150217032009,0.03177531229963532,2297.3810394567804,818.2453017243328,73,30,0,66,26
482150217033023,0.01814657155123009,2314.4867823339873,826.6024222621382,42,19,0,42,15
482150217033024,0.018462423608969405,2220.7268595051305,758.296976416386,41,1,0,41,14
482150217033025,0.018160619786943576,3524.1087997454943,1046.2197999244436,64,34,0,59,19
482150217033032,0.024862828099153862,1206.6205775287876,683.7516605996462,30,14,0,30,17
482150217033033,0.02444203005651277,2413.874783051377,695.5232425741256,59,12,0,56,17
482150217033034,0.027229728910804128,991.5633052551993,477.4193691969478,27,10,1,27,13
482150217042002,0.7366341913601745,594.5963480072045,176.47836812999222,438,136,0,416,130
482150217042003,0.019713019409923108,4108.959582276186,1116.0137137046431,81,19,2,77,22
482150217042004,0.028174149054177998,3478.3659237249403,1029.3123651839107,98,40,0,98,29
482150217042005,0.027343792397862686,3364.5662116419203,1097.1411559701914,92,25,0,88,30
482150217042006,0.01076326195728503,4831.249133057121,929.0863717417542,52,17,0,48,10
482150217042007,0.028074548203903548,4203.095242814737,1104.2029875191256,118,42,0,110,31
482150217042008,0.01895562415393646,5539.2531075372135,1160.605413007797,105,21,4,101,22
482150217042009,0.019081130072584485,4559.4783783273115,1205.3793413968754,87,38,2,76,23
482150217042010,0.0353641122653652,2347.0121171764376,650.3768517476875,83,26,2,76,23
482150217042011,0.028014582119544332,3890.8308371287935,1070.870872604255,109,31,0,103,30
482150217042012,0.032625261296982844,2421.4365451628078,704.9751966929693,79,25,0,76,23
482150217042013,0.6366979342061108,537.1463949014296,171.19578083115738,342,114,0,331,109
482150217042014,0.023460671515492314,2045.977241883425,724.6169398337131,48,6,1,40,17
482150217042016,0.023510264200784465,2339.4037400126203,1148.4345632789227,55,13,1,55,27
482150217031003,0.01343774679079281,3423.192944185999,1265.0930445904778,46,12,2,44,17
482150217031004,0.03009300624668615,7975.274986905932,2824.5765578625173,240,72,0,216,85
482150217031005,0.012740227566045622,4003.068213312115,1177.373003915328,51,19,2,49,15
482150217031006,0.013018480910570899,5684.226946933003,1229.0220425801087,74,30,0,66,16
482150217031008,0.01247584353068267,4729.139144371071,1282.4784120328327,59,26,0,55,16
482150217031009,0.012464785498368814,4893.786580441571,1123.1641332160982,61,16,0,61,14
482150217031010,0.0131293009786122,4112.937930813429,1218.6482757965719,54,20,0,52,16
482150217031011,0.007737286777166504,3360.351082853561,1163.1984517570017,26,10,0,26,9
482150217031012,0.013135406396767683,5100.7177072562545,1294.2119555724826,67,20,0,65,17
482150217031013,0.0842918301385207,4164.104628208752,1269.399416576457,351,154,0,342,107
482150217031014,0.009702711441803409,8038.989973868832,2576.5993505989845,78,35,0,78,25
482150217031015,0.013191704333165376,3714.455597432447,1288.6886766602368,49,3,0,47,17
482150217053000,0.08511846278379893,1938.4748573185623,599.1649558984648,165,61,0,161,51
482150217052018,0.015036385096911778,3990.3207860992466,1130.5908893947865,60,11,0,58,17
482150217052019,0.013982846163872572,3289.745124912411,1072.7429755149167,46,18,0,46,15
482150217053001,0.01007605187086828,1488.6783228426762,198.49044304569017,15,0,0,15,2
482150217053002,0.5964140247273888,1701.837914465442,546.6001577494918,1015,291,0,992,326
482150217053003,0.19209692087398525,2618.469872976079,791.267237956986,503,157,0,491,152
482150217052020,0.014308709798637374,2795.500122855886,1118.2000491423544,40,6,0,40,16
482150217052021,0.01441185889019379,2567.330160662049,1179.5841278717521,37,9,0,37,17
482150217052023,0.045474211458779626,1319.4291462181234,483.7906869466452,60,27,0,52,22
482150217052024,0.47925282335542163,769.9485157259963,267.0824119591532,369,95,0,366,128
482150217052025,0.01312507591004916,1752.3708173291514,609.5202842884005,23,2,0,23,8
482150217052026,0.013428716293466264,1265.9437900457651,595.7382541391836,17,4,0,15,8
482150217052027,0.05127092525127973,1111.741200702776,370.58040023425866,57,19,0,57,19
482150217052028,0.04284133850125107,746.9421152437972,140.05164660821197,32,5,0,32,6
482150217052030,0.030000593382245727,2499.9505524575657,699.9861546881184,75,22,0,70,21
482150217052031,0.030247086674348472,1917.540046896081,595.0986352436114,58,16,0,56,18
482150217061009,1.420279884299686,553.4120483495844,168.98077812201052,786,260,1,760,240
482150217061010,0.018686637306495956,1819.4819882430493,642.1701134975468,34,10,2,28,12
482150217061011,0.025991637772793185,2962.491270196138,807.9521645989468,77,31,0,68,21
482150217061013,0.027833435482699977,7041.890323665753,2802.3849247241264,196,112,0,179,78
482150217061014,0.026684966933714676,4122.171118789071,936.8570724520616,110,36,0,105,25
482150217061015,0.012533460559952503,2872.3112685277742,718.0778171319436,36,18,0,33,9
482150217052034,0.03604441247202587,1414.921107108659,554.8710223955526,51,10,0,50,20
482150217052035,0.02112486428665789,1893.503288693946,568.0509866081837,40,8,0,37,12
482150217052036,0.13952218950851117,501.7123100388977,157.68101172651072,70,33,3,64,22
482150217052039,0.03453719082926985,839.6745451405634,202.680062620136,29,4,0,26,7
482150217052040,0.1495853393467388,681.8850058799146,187.18411926115303,102,34,0,101,28
482150217052041,0.027456860284876122,437.0492429030525,72.84154048384208,12,9,0,6,2
482150217052042,0.0382090022710839,1099.217396518754,340.23395606532864,42,24,0,40,13
482150217052043,0.030717570445496983,1139.41302949403,162.7732899277186,35,20,0,35,5
482150217052045,0.03348493258397337,2299.5417358807495,776.4686380896037,77,21,0,74,26
482150217052046,0.01797165878995034,3171.6604831087775,945.9338282956003,57,26,1,51,17
482150217052047,0.022127797711767552,2304.79330407464,677.8803835513647,51,22,0,48,15
482150217061016,0.011833342084697688,3802.81408903,760.562817806,45,12,0,45,9
482150217061017,0.0376194207726749,2924.021628740738,717.7143997818175,110,48,0,105,27
482150217061019,0.02972736601746133,3061.1524729956973,941.8930686140607,91,25,0,85,28
482150217061020,0.02661440092476215,3719.7906606979077,976.9147189711676,99,24,0,99,26
482150217061021,0.0309886622584475,3323.7962691313733,806.7466672648965,103,6,0,100,25
482150217061022,0.02769985383643202,3574.026079148151,1046.936932275721,99,19,0,96,29
482150217062008,0.01677014749332826,4949.270722456094,1132.9655870682623,83,22,0,78,19
482150217062009,0.010250471444487227,4487.598472823327,1170.6778624756505,46,16,1,38,12
482150217062012,0.020475333272217,3028.0337406828858,781.4280621117125,62,12,0,51,16
482150217071000,0.16249894099579437,1126.1611852888088,320.00208543725716,183,73,0,175,52
482150217071001,0.01433139517185972,2023.5294367531421,767.5456484236057,29,3,0,26,11
482150217071002,0.022488601126250177,4535.631159420534,978.2733873259973,102,46,0,99,22
482150217071003,0.0224064490545066,2945.5805263674947,981.8601754558315,66,24,0,65,22
482150217071004,0.0222376642628808,4901.593922431109,1079.2500379664828,109,37,0,108,24
482150217071005,0.024881033208652373,3818.1694145628876,1044.9726818803692,95,34,0,90,26
482150217071006,0.03663079674117104,4040.316159262132,818.9830052558375,148,58,0,143,30
482150217071007,0.024346298576586003,2300.1443042292913,821.4801086533183,56,11,0,56,20
482150217071008,0.02069932017693187,2608.781328972326,579.7291842160724,54,14,0,54,12
482150217071009,0.032433659617068414,3607.3635038837256,894.1328342959661,117,40,0,110,29
482150217071010,0.03833621193454349,1695.524850263848,521.6999539273379,65,19,0,64,20
482150217071011,0.02214786128269405,3431.4825720614867,993.3239024388514,76,29,0,76,22
482150217073014,0.00941122689490585,743.7925021007611,637.536430372081,7,1,0,6,6
482150217073015,0.022268759922730027,493.9655390856385,314.34170669086086,11,5,0,6,7
482150217073016,0.005178505583075576,1158.6354216956408,1931.0590361594013,6,5,0,1,10
482150217073017,0.006189584044350355,969.3704709408703,969.3704709408703,6,5,0,0,6
482150217073018,0.006228875751818408,1284.3409178076067,642.1704589038034,8,5,0,4,4
482150217062001,0.39701392041998035,1166.2059595044336,317.36922440077456,463,117,2,436,126
482150217062002,0.027364389747705123,4165.998257262816,1132.8591752205903,114,28,0,108,31
482150217062003,0.010271554588858861,2433.9061613045883,973.5624645218353,25,14,0,25,10
482150217062004,0.005561505223296453,7372.104916535204,1258.6520589206445,41,11,1,40,7
482150217062005,0.03870060020891694,4883.645188439554,1369.487804165589,189,52,0,186,53
482150217062006,0.010146993646036391,3843.5029488004207,1084.0649342770416,39,5,0,37,11
482150217062007,0.010040707693536958,5378.106966977928,1095.5403080880965,54,7,0,49,11
482150217071012,0.257018179447696,863.7521302074964,225.66497095511167,222,76,0,211,58
482150217071013,0.022885759693452357,3714.0999966157383,961.2964697123087,85,34,0,85,22
482150217072007,0.2784545303553896,840.3526410626088,290.8912988293646,234,70,0,222,81
482150217072008,0.029067447761279997,3749.8992307537956,1238.4988285058407,109,44,0,109,36
482150217072009,0.028564262367358866,4726.1854083187545,1295.3248896873624,135,49,0,135,37
482150217072010,0.017418584607611837,4076.1061589914343,1320.4287557296195,71,20,0,66,23
482150217072011,0.01789796298159417,2905.3585625065566,1229.1901610604662,52,8,0,50,22
482150217073000,0.16600844609140955,150.59474736745744,307.2132846296132,25,12,0,13,51
482150217073001,0.013215895508217524,529.6652047261923,680.9981203622473,7,7,0,0,9
482150217073002,0.013824797152160789,940.339294451646,1736.0110051415002,13,8,0,10,24
482150217073003,0.012289647497561208,325.4771954031856,1139.1701839111495,4,4,0,3,14
482150217073005,0.013276341856007809,2485.624455735662,1732.4049236945525,33,27,0,14,23
482150217073006,0.006224145645036286,1445.9815873970492,803.3231041094718,9,9,0,4,5
482150217073007,0.01703422574548403,939.2854268261524,1056.6961051794215,16,15,0,2,18
482150217073008,0.030789556213328764,519.6567267531326,876.9207263959112,16,16,0,0,27
482150217073009,0.012470685714585986,2405.6415730942,1122.6327341106266,30,28,0,6,14
482150217073010,0.013290650348153618,902.8903541704474,451.4451770852237,12,7,0,6,6
482150217073011,0.01242338657799649,563.4534477416934,1368.386944515541,7,4,0,6,17
482150217073012,0.021325816114768005,5533.199731488151,5533.199731488151,118,103,0,22,118
482150217061001,0.02738356251945021,3578.789280262267,1095.547738855796,98,50,0,93,30
482150217061002,0.02812754045861029,2488.664094288837,888.8086051031561,70,19,0,70,25
482150217061004,0.02757455558680672,3807.858286943277,942.8982424811924,105,24,0,103,26
482150217061007,0.04550656409464637,3889.5487611824155,1098.7425879046373,177,74,0,169,50
